{
  "version": 1,
  "projects": {
    "demo": {
      "root": "apps/demo",
      "sourceRoot": "apps/demo/src",
      "projectType": "application",
      "schematics": {},
      "architect": {
        "build": {
          "builder": "@nrwl/web:build",
          "options": {
            "outputPath": "dist/apps/demo",
            "index": "apps/demo/src/index.html",
            "main": "apps/demo/src/main.ts",
            "polyfills": "apps/demo/src/polyfills.ts",
            "tsConfig": "apps/demo/tsconfig.app.json",
            "assets": ["apps/demo/src/favicon.ico", "apps/demo/src/assets"],
            "styles": ["apps/demo/src/styles.scss"],
            "scripts": []
          },
          "configurations": {
            "production": {
              "fileReplacements": [
                {
                  "replace": "apps/demo/src/environments/environment.ts",
                  "with": "apps/demo/src/environments/environment.prod.ts"
                }
              ],
              "optimization": true,
              "outputHashing": "all",
              "sourceMap": false,
              "extractCss": true,
              "namedChunks": false,
              "extractLicenses": true,
              "vendorChunk": false,
              "budgets": [
                {
                  "type": "initial",
                  "maximumWarning": "2mb",
                  "maximumError": "5mb"
                }
              ]
            }
          }
        },
        "serve": {
          "builder": "@nrwl/web:dev-server",
          "options": {
            "buildTarget": "demo:build"
          },
          "configurations": {
            "production": {
              "buildTarget": "demo:build:production"
            }
          }
        },
        "lint": {
          "builder": "@nrwl/linter:lint",
          "options": {
            "linter": "eslint",
            "config": "apps/demo/.eslintrc",
            "tsConfig": [
              "apps/demo/tsconfig.app.json",
              "apps/demo/tsconfig.spec.json"
            ],
            "exclude": ["**/node_modules/**", "!apps/demo/**"]
          }
        },
        "test": {
          "builder": "@nrwl/jest:jest",
          "options": {
            "jestConfig": "apps/demo/jest.config.js",
            "tsConfig": "apps/demo/tsconfig.spec.json",
            "passWithNoTests": true,
            "setupFile": "apps/demo/src/test-setup.ts"
          }
        }
      }
    },
    "demo-e2e": {
      "root": "apps/demo-e2e",
      "sourceRoot": "apps/demo-e2e/src",
      "projectType": "application",
      "architect": {
        "e2e": {
          "builder": "@nrwl/cypress:cypress",
          "options": {
            "cypressConfig": "apps/demo-e2e/cypress.json",
            "tsConfig": "apps/demo-e2e/tsconfig.e2e.json",
            "devServerTarget": "demo:serve"
          },
          "configurations": {
            "production": {
              "devServerTarget": "demo:serve:production"
            }
          }
        },
        "lint": {
          "builder": "@nrwl/linter:lint",
          "options": {
            "linter": "eslint",
            "config": "apps/demo-e2e/.eslintrc",
            "tsConfig": ["apps/demo-e2e/tsconfig.e2e.json"],
            "exclude": ["**/node_modules/**", "!apps/demo-e2e/**"]
          }
        }
      }
    }
  },
  "cli": {
    "defaultCollection": "@nrwl/web"
  },
  "schematics": {
    "@nrwl/workspace": {
      "library": {
        "linter": "eslint"
      }
    },
    "@nrwl/cypress": {
      "cypress-project": {
        "linter": "eslint"
      }
    },
    "@nrwl/react": {
      "application": {
        "linter": "eslint"
      },
      "library": {
        "linter": "eslint"
      }
    },
    "@nrwl/next": {
      "application": {
        "linter": "eslint"
      }
    },
    "@nrwl/web": {
      "application": {
        "linter": "eslint"
      }
    },
    "@nrwl/node": {
      "application": {
        "linter": "eslint"
      },
      "library": {
        "linter": "eslint"
      }
    },
    "@nrwl/nx-plugin": {
      "plugin": {
        "linter": "eslint"
      }
    },
    "@nrwl/nest": {
      "application": {
        "linter": "eslint"
      }
    },
    "@nrwl/express": {
      "application": {
        "linter": "eslint"
      }
    }
  },
  "defaultProject": "demo"
}
